stuUsername,hashedStuPassword
ahan001,fbpmaa4ubu1tjjjn89ISEw==
ahan002,GdaI9Rvpx7v7qGA2dhziZw==
ahan003,e3Ql6PBSDW6qG6yUHqrgTg==
ahan004,6T+OzAZRAyEsZRah5ertZQ==
ahan005,zDT4qJRZZ+ROSLbqg5oXzw==
ahan006,XKzU2m7yyQJhusViIFuVNA==
hanx001,hTIrQS6/6LRcq4YbnGn+ew==
hanx002,0/5MiWp/ChESFj7OskU2VA==
hanx003,NA6wn+6F1EaxkCOBGh2V5g==
hanx004,11FT9z0eeT9K6WgMMKNIHw==
hanx005,ytQ8ClWKRGlU3TVJb/Zfng==
hanx006,kwN0+GzF7nUNS3w0ocjKig==
bach001,h9FW2gX2ERgDfw1dOtmKBJhukBENB0O0kgo+fuVCmIA=
bach002,sGbnVppAp7eIEQ4BhF5Q/NOOkYBpWLCQlWpYoG0lCTs=
bach003,gsZnTH4mlaSyD/36I3jT2wJ0YF8YNFrp1HR8EGyZh08=
bach004,h9FW2gX2ERgDfw1dOtmKBFIMBapGF9Kjk7nwZSWzZmg=
bach005,h9FW2gX2ERgDfw1dOtmKBFIV/goDPTShydst0bdkV00=
bach006,sGbnVppAp7eIEQ4BhF5Q/PwJPDJ3bprKqxmsJYZvuG0=
alie001,LHFkLAC/Gv1s+ZvrltNO/w==
alie002,gaglKhXvQp+W2xjM/dwXRQ==
alie003,aCI4E0ysWyw7FmouP82rMw==
alie004,X9sHd48oYQjn81coo4s+SA==
alie005,M7z9Bt1yhWapQdyown+dlQ==
alie006,nQzCEO7LwQhh9Q7N8SWG9A==